Career,Field / Category,Short Description,Why It Might Appeal to Karli
Restaurant Owner / Operator,Food & Hospitality,"Open and run a restaurant or cafe — concept, menu, staffing, and daily operations.","Her ops, vendor, and budget chops applied to her restaurant dream; people-first, mission-driven environment."
Food or Beverage Brand Founder,Food & Beverage Manufacturing,"Build a packaged food or drink line from recipe to shelf, including production and distribution.","Directly matches her food/bev manufacturing & distribution idea; she already knows concept-to-retail-floor logistics."
Specialty Food Distributor / Broker,Food & Beverage Distribution,"Source and distribute artisan food/beverage products to retailers and restaurants.","Plays to her GTM calendar and supply coordination skills in a tangible product space."
Cat Cafe Owner,Food & Hospitality + Animals,"Run a cafe paired with adoptable cats, blending hospitality with rescue partnerships.","The literal intersection of her restaurant dream and her love of cats."
Cat Toy / Pet Product Distributor,Pet Industry Distribution,"Source, redistribute, and sell cat toys and pet products to shops and online buyers.","Her stated cat toy redistribution business idea, built on real distribution and ops know-how."
Cat Toy Designer / Product Developer,Pet Product Design,"Design and develop new cat toys and enrichment products from prototype to production.","Combines her APROE prototyping/manufacturing background with her love of cats."
Cat Behavior Consultant,Animal Behavior,"Help cat owners solve behavior issues through in-home or virtual consultations.","Science background plus deep cat affinity; flexible, people-and-animal-facing work."
Animal Shelter / Rescue Director,Nonprofit Animal Welfare,"Lead operations, staff, and programs at a cat rescue or animal shelter.","Mission-driven nonprofit leadership + cats + her operations and team-building strengths."
Nonprofit Board Member / Chair,Nonprofit Governance,"Serve on a nonprofit board guiding strategy, governance, and fundraising.","Her stated interest; leverages her strategy, change-management, and stakeholder skills."
Nonprofit Operations Director,Nonprofit Management,"Run the operational backbone of a mission-driven nonprofit.","Mirrors her Exploratorium and Levi's ops work in a purpose-first setting."
Museum Exhibition Director,Museums & Cultural Institutions,"Lead the planning and delivery of museum exhibitions end to end.","Direct extension of her Exploratorium traveling-exhibition success."
Science Center Program Director,Informal Science Education,"Develop and run public science programs and events.","She literally launched anchor programming (After Dark) and loves public engagement."
Aquarium Operations / Curator,Aquatic Science & Animals,"Oversee aquatic exhibits, animal care protocols, and operations at an aquarium.","Her Aquatic Biology degree + living-lab organism management come full circle."
Marine / Aquatic Conservation Program Manager,Environmental Nonprofit,"Manage conservation projects protecting marine and aquatic ecosystems.","Aligns her biology degree with mission-driven program management."
Citizen Science Program Manager,Science Engagement,"Design programs that involve the public in real scientific data collection.","Blends her science roots, museum experience, and community-building."
Sustainability / ESG Program Manager,Corporate Sustainability,"Lead environmental and social impact initiatives within a company.","Mission-driven, cross-functional, process-heavy — squarely in her wheelhouse."
Executive / Leadership Coach,Coaching & Development,"Coach leaders and emerging managers on effectiveness and growth.","Builds on her LWT/Rise & Lead work and mentorship instincts."
Women's Leadership Program Director,Nonprofit / L&D,"Run a program developing women leaders through workshops and cohorts.","She's a Ring Leader and accelerator alum — a natural fit."
Fractional COO / Operations Consultant,Consulting,"Provide part-time operations leadership to startups and small businesses.","Packages 15+ years of ops/strategy into flexible, high-impact work."
Chief of Staff,Corporate / Startup Leadership,"Serve as strategic right hand to an executive, driving priorities and cadences.","Her exec-support past elevated into a strategic leadership role."
Event & Experience Producer,Events / Experiential,"Produce large-scale events, offsites, and immersive experiences.","She planned global offsites on a $1M budget and built memorable public experiences."
Wedding / Special Events Planner,Hospitality / Events,"Plan and coordinate weddings and milestone events end to end.","Detail-driven, calendar-heavy, people-first creative project work."
Artisan Maker / Small-Batch Producer,Crafts & Commerce,"Make and sell handmade goods (food, ceramics, pet items) via markets and online.","A creative, hands-on outlet that uses her prototyping and ops sense."
Farmers Market / Food Hall Manager,Local Food Systems,"Manage vendors, logistics, and community at a market or food hall.","Combines food passion, local community, and vendor coordination."
Culinary Instructor / Cooking Class Host,Food Education,"Teach cooking classes and food workshops to home cooks.","Food passion + her talent for creating repeatable, teachable systems."
Test Kitchen / R&D Operations Manager,Food Product Development,"Coordinate recipe development and scale-up in a food company's test kitchen.","Bridges her food interest with prototyping and process-design experience."
Pet Industry Brand / Marketing Manager,Pet Industry,"Lead brand, GTM, and product launches for a pet products company.","Cats + her merchandising/GTM expertise from Levi's."
Veterinary Practice Manager,Animal Health,"Run the business operations of a veterinary clinic or cat-specialty practice.","Animal-focused operations leadership; people, process, and pets."
TNR / Community Cat Program Coordinator,Animal Welfare Nonprofit,"Coordinate trap-neuter-return and community cat care programs.","Hyper-cat-focused, mission-driven, logistics-heavy community work."
Garden / Urban Farm Project Manager,Sustainable Agriculture,"Plan and run community garden or small urban-farm operations.","Hands-on, science-adjacent, community-building project work with biology roots."
