Job Title,Company Type,Short Description
Chief of Staff,Mid-to-large consumer brand,Act as right hand to a senior executive—drive strategic priorities, run leadership cadences, and connect cross-functional teams to decisions and outcomes.
Director of Operations,Retail or apparel company,Own end-to-end operational efficiency across functions, set process standards, and lead initiatives that reduce cost and improve speed to market.
Senior Program Manager,Tech or product company,Lead large cross-functional programs from planning to delivery, manage dependencies and risk, and keep stakeholders aligned on milestones.
Director of Business Operations,Growth-stage startup,Build and run the operating system of the company—planning rhythms, OKRs, tooling, and cross-team coordination as the org scales.
Head of Strategy & Operations,Consumer goods or DTC brand,Define operating strategy, run the planning calendar, and translate executive vision into coordinated execution across teams.
Senior Project Manager,Museum / cultural institution,Plan and deliver complex exhibitions and capital projects, coordinating designers, technicians, vendors, and budgets end to end.
Manager of Process Improvement,Manufacturing or supply chain firm,Map and streamline core workflows, eliminate waste, and lead continuous-improvement initiatives with measurable cost savings.
Operations Strategy Consultant,Management consulting firm,Advise clients on operating models, process redesign, and cross-functional ways of working to improve efficiency and alignment.
Senior Manager, Merchandising Operations,Apparel / fashion retailer,Coordinate the calendar and handoffs between design, merchandising, and planning to bring product lines to market on time.
Product Development Operations Manager,Consumer product company,Manage the concept-to-shelf process, align development milestones, and improve tools and documentation across product teams.
Executive Business Partner,Large enterprise,Support C-suite leaders with strategic project execution, offsite planning, communications, and operational coordination of their org.
Director of PMO,Enterprise or agency,Stand up and run a project management office—standards, governance, reporting, and a team of program/project managers.
Workplace & Facilities Operations Manager,Corporate or campus environment,Oversee physical and digital workspace strategy, facilities projects, and the employee experience across sites.
Senior Manager, Go-to-Market Operations,Retail or CPG brand,Orchestrate cross-functional launch readiness across marketing, sales, merchandising, and supply for new products and seasons.
Strategic Initiatives Manager,Large consumer company,Lead high-priority, executive-sponsored initiatives end to end, coordinating teams and reporting progress to leadership.
Operations Program Lead,Tech / hardware company,Run operational programs spanning planning, vendors, and internal teams to deliver complex hardware or facility builds.
Director of Special Projects,Nonprofit or foundation,Lead one-off strategic and operational projects for leadership, from event programs to organizational change efforts.
Senior Manager, Retail Operations,Multi-store retailer,Drive store-facing process, communications, and rollout of new tools and standards across the retail fleet.
Change Management Lead,Large organization in transition,Guide teams through organizational change—stakeholder alignment, communications, training, and adoption of new ways of working.
Business Operations Manager,SaaS / tech startup,Keep the company running smoothly—planning cadences, internal tooling, vendor management, and cross-team project execution.
Director of Exhibitions & Production,Science center or museum,Lead the planning, fabrication, installation, and maintenance of permanent and traveling exhibits with large teams and budgets.
Manager, Strategic Planning,Consumer or retail enterprise,Run the annual and quarterly planning processes, align functional roadmaps, and track execution against strategic goals.
Operations Manager, R&D / Prototyping,Hardware or manufacturing startup,Coordinate engineering teams, subcontractors, and facility buildouts for prototyping and small-batch production.
Cross-Functional Program Manager,Global consumer brand,Connect product, marketing, supply, and sales to deliver complex multi-team initiatives on time and on budget.
Head of People Operations & Culture,Mid-size company,Lead team-building, internal events, communications, and programs that improve how people work together day to day.
Senior Operations Analyst / Manager,Retail finance or planning team,Identify operational gaps and risks, build tools and dashboards, and drive process fixes that protect revenue.
Director of Creative Operations,Brand, agency, or in-house studio,Manage the workflow, calendar, and resourcing that move creative and marketing work from brief to delivery.
Program Manager, Leadership Development,Corporate L&D or nonprofit,Design and run leadership and mentorship programs, workshops, and cohorts that build skills and networks.
Implementation / Onboarding Manager,B2B SaaS company,Lead clients or internal teams through structured rollouts of new tools and processes with documentation and training.
Founder / Independent Operations Consultant,Self-employed / fractional,Offer fractional COO, chief-of-staff, or process-improvement services to startups and small businesses on a project basis.
